label	label_group	protein_average_precision	context_average_precision	delta_average_precision	protein_support	delta_f1_from_predictions	delta_f1_ci_low	delta_f1_ci_high	interpretation
ligase	replication	0.886853208358819	0.9197971618469724	0.03294395348815338	231	-0.006410925539318102	-0.02260837358176062	0.002529913166766722	Non-nucleocapsid positive label-level example; use as modest supporting evidence.
protease	processing	0.7318077427710545	0.7532772365893114	0.021469493818256913	435	0.0150802143456219	-0.01777682838962129	0.056877749914114636	Non-nucleocapsid positive label-level example; use as modest supporting evidence.
transcription_regulator	processing	0.43305651653839605	0.45262357358680916	0.019567057048413106	517	-0.009369755868372798	-0.039582895506613494	0.013455051237289508	Non-nucleocapsid positive label-level example; use as modest supporting evidence.
polyprotein	processing	0.10421899686979193	0.12209692227195793	0.017877925402165998	212	0.15812165258585545	-0.14787886519903107	0.688541323020959	Non-nucleocapsid positive label-level example; use as modest supporting evidence.
membrane_matrix	membrane_entry	0.3635931827037169	0.37116462368085257	0.0075714409771356905	495	-0.0019788502298150323	-0.035526880539327135	0.03621203184149216	Non-nucleocapsid positive label-level example; use as modest supporting evidence.
lysis	lysis_integration	0.8297691380309986	0.8359471686960375	0.006178030665038858	1532	-0.008745010015427379	-0.029378400147634463	0.005506006700100794	Non-nucleocapsid positive label-level example; use as modest supporting evidence.
tail_assembly	structural_assembly	0.861909031555952	0.8655238628697893	0.00361483131383733	4690	0.005097129265624889	-0.014217848585709094	0.019918078732161098	Non-nucleocapsid positive label-level example; use as modest supporting evidence.
helicase	replication	0.8597871806567718	0.8624819741821559	0.0026947935253840427	864	-0.018305993011120347	-0.04041730684768361	-0.003581610687794213	Non-nucleocapsid positive label-level example; use as modest supporting evidence.
nuclease	replication	0.8287564978103708	0.8294748755615897	0.0007183777512189682	1751	-0.013936211775769647	-0.030323410932239968	-0.002017679230591274	Non-nucleocapsid positive label-level example; use as modest supporting evidence.
